{
  "Habits": {
    "Cigarettes": {
      "Goal": "No Smoking",
      "Time_Frame": 1,
      "Created": "2023-12-15 06:46:40.686907",
      "Frequency": 1,
      "Counter": 0,
      "Timer": "",
      "Previous_Timer": "",
      "Streak_cycle": [],
      "BestStreak": 0.105874,
      "Counter_History": [
        "2023-12-23 06:52:56.009445"
      ],
      "Start_Time": [],
      "Complete": false
    },
    "Alcohol": {
      "Goal": "No Alcohol",
      "Time_Frame": 7,
      "Created": "2023-12-15 06:46:40.688896",
      "Frequency": 5,
      "Counter": 0,
      "Timer": "",
      "Previous_Timer": "",
      "Streak_cycle": [],
      "BestStreak": 0,
      "Counter_History": [],
      "Start_Time": [],
      "Complete": false
    },
    "Journal": {
      "Goal": "Journal your week",
      "Time_Frame": 7,
      "Created": "2023-12-15 06:46:40.690892",
      "Frequency": 3,
      "Counter": 3,
      "Timer": "2024-01-08 08:13:38.718721",
      "Previous_Timer": "2024-01-01 08:13:38.718721",
      "Streak_cycle": [
        "2024-01-01 08:13:51.406515"
      ],
      "BestStreak": 12.79448,
      "Counter_History": [
        "2024-01-01 08:13:38.823717",
        "2024-01-01 08:13:47.891485",
        "2024-01-01 08:13:51.513201"
      ],
      "Start_Time": [
        "2024-01-01 08:13:38.718721"
      ],
      "Complete": true
    },
    "Family": {
      "Goal": "Visit a family member",
      "Time_Frame": 7,
      "Created": "2023-12-15 06:47:07.431823",
      "Frequency": 1,
      "Counter": 1,
      "Timer": "2024-01-05 06:47:12.951802",
      "Previous_Timer": "2023-12-29 06:47:12.951802",
      "Streak_cycle": [
        "2023-12-15 06:47:12.951802",
        "2023-12-22 06:51:39.031640",
        "2024-01-01 12:26:10.142282"
      ],
      "BestStreak": 1489137.294129,
      "Counter_History": [
        "2023-12-15 06:47:13.056450",
        "2023-12-15 06:47:16.795096",
        "2023-12-22 06:51:39.135068",
        "2024-01-01 12:26:10.245931"
      ],
      "Start_Time": [
        "2023-12-15 06:47:12.951802"
      ],
      "Complete": true
    },
    "Walk": {
      "Goal": "Walk 3 times a week",
      "Time_Frame": 7,
      "Created": "2024-01-01 08:22:42.915917",
      "Frequency": 3,
      "Counter": 0,
      "Timer": "",
      "Previous_Timer": "",
      "Streak_cycle": [],
      "BestStreak": 0,
      "Counter_History": [],
      "Start_Time": [],
      "Complete": false
    },
    "Coffee": {
      "Goal": "Drink Coffee",
      "Time_Frame": 1,
      "Created": "2024-01-01 12:25:18.037799",
      "Frequency": 1,
      "Counter": 1,
      "Timer": "2024-01-02 12:25:24.967117",
      "Previous_Timer": "2024-01-01 12:25:24.967117",
      "Streak_cycle": [
        "2024-01-01 12:25:24.967117"
      ],
      "BestStreak": 0.105628,
      "Counter_History": [
        "2024-01-01 12:25:25.072745"
      ],
      "Start_Time": [
        "2024-01-01 12:25:24.967117"
      ],
      "Complete": true
    }
  }
}